Workbook

Sheet Лист1
A1: Дата | B1: Территория | C1: Товарооборот, шт | D1: Товарооборот, руб | E1: Количество складов | F1: Количество заказов | G1: Количество клиентов | H1: Товарооборот на склад | I1: Неделя
A2: 43950 | B2: Кемерово | C2: 29319 | D2: 2623480.5 | E2: =VLOOKUP(A2,Лист2!$A$2:$E$505,3) -> 10 | F2: =VLOOKUP(A2,Лист2!$A$2:$E$505,4) -> 502 | G2: =VLOOKUP(A2,Лист2!$A$2:$E$505,5) -> 433 | H2: =D2/E2 -> 262348.05 | I2: =WEEKNUM(A2) -> 18
A3: 43953 | B3: Кемерово | C3: 29031 | D3: 2711247 | E3: =VLOOKUP(A3,Лист2!$A$2:$E$505,3) -> 10 | F3: =VLOOKUP(A3,Лист2!$A$2:$E$505,4) -> 416 | G3: =VLOOKUP(A3,Лист2!$A$2:$E$505,5) -> 341 | H3: =D3/E3 -> 271124.7 | I3: =WEEKNUM(A3) -> 18
A4: 43952 | B4: Кемерово | C4: 32487 | D4: 3031254 | E4: =VLOOKUP(A4,Лист2!$A$2:$E$505,3) -> 10 | F4: =VLOOKUP(A4,Лист2!$A$2:$E$505,4) -> 554 | G4: =VLOOKUP(A4,Лист2!$A$2:$E$505,5) -> 472 | H4: =D4/E4 -> 303125.4 | I4: =WEEKNUM(A4) -> 18
A5: 43949 | B5: Кемерово | C5: 26940 | D5: 2411587.5 | E5: =VLOOKUP(A5,Лист2!$A$2:$E$505,3) -> 10 | F5: =VLOOKUP(A5,Лист2!$A$2:$E$505,4) -> 580 | G5: =VLOOKUP(A5,Лист2!$A$2:$E$505,5) -> 506 | H5: =D5/E5 -> 241158.75 | I5: =WEEKNUM(A5) -> 18
A6: 43951 | B6: Кемерово | C6: 30445.5 | D6: 2817196.5 | E6: =VLOOKUP(A6,Лист2!$A$2:$E$505,3) -> 10 | F6: =VLOOKUP(A6,Лист2!$A$2:$E$505,4) -> 448 | G6: =VLOOKUP(A6,Лист2!$A$2:$E$505,5) -> 376 | H6: =D6/E6 -> 281719.65 | I6: =WEEKNUM(A6) -> 18
A7: 43950 | B7: Екатеринбург | C7: 79527 | D7: 7180498.5 | E7: =VLOOKUP(A7,Лист2!$A$2:$E$505,3) -> 10 | F7: =VLOOKUP(A7,Лист2!$A$2:$E$505,4) -> 502 | G7: =VLOOKUP(A7,Лист2!$A$2:$E$505,5) -> 433 | H7: =D7/E7 -> 718049.85 | I7: =WEEKNUM(A7) -> 18
A8: 43953 | B8: Екатеринбург | C8: 60463.5 | D8: 5554192.5 | E8: =VLOOKUP(A8,Лист2!$A$2:$E$505,3) -> 10 | F8: =VLOOKUP(A8,Лист2!$A$2:$E$505,4) -> 416 | G8: =VLOOKUP(A8,Лист2!$A$2:$E$505,5) -> 341 | H8: =D8/E8 -> 555419.25 | I8: =WEEKNUM(A8) -> 18
A9: 43952 | B9: Екатеринбург | C9: 97534.5 | D9: 8893024.5 | E9: =VLOOKUP(A9,Лист2!$A$2:$E$505,3) -> 10 | F9: =VLOOKUP(A9,Лист2!$A$2:$E$505,4) -> 554 | G9: =VLOOKUP(A9,Лист2!$A$2:$E$505,5) -> 472 | H9: =D9/E9 -> 889302.45 | I9: =WEEKNUM(A9) -> 18
A10: 43949 | B10: Екатеринбург | C10: 81826.5 | D10: 7163644.5 | E10: =VLOOKUP(A10,Лист2!$A$2:$E$505,3) -> 10 | F10: =VLOOKUP(A10,Лист2!$A$2:$E$505,4) -> 580 | G10: =VLOOKUP(A10,Лист2!$A$2:$E$505,5) -> 506 | H10: =D10/E10 -> 716364.45 | I10: =WEEKNUM(A10) -> 18
A11: 43951 | B11: Екатеринбург | C11: 77565 | D11: 7023727.5 | E11: =VLOOKUP(A11,Лист2!$A$2:$E$505,3) -> 10 | F11: =VLOOKUP(A11,Лист2!$A$2:$E$505,4) -> 448 | G11: =VLOOKUP(A11,Лист2!$A$2:$E$505,5) -> 376 | H11: =D11/E11 -> 702372.75 | I11: =WEEKNUM(A11) -> 18
A12: 43950 | B12: Тольятти | C12: 10840.5 | D12: 797919 | E12: =VLOOKUP(A12,Лист2!$A$2:$E$505,3) -> 10 | F12: =VLOOKUP(A12,Лист2!$A$2:$E$505,4) -> 502 | G12: =VLOOKUP(A12,Лист2!$A$2:$E$505,5) -> 433 | H12: =D12/E12 -> 79791.9 | I12: =WEEKNUM(A12) -> 18
A13: 43953 | B13: Тольятти | C13: 7866 | D13: 617881.5 | E13: =VLOOKUP(A13,Лист2!$A$2:$E$505,3) -> 10 | F13: =VLOOKUP(A13,Лист2!$A$2:$E$505,4) -> 416 | G13: =VLOOKUP(A13,Лист2!$A$2:$E$505,5) -> 341 | H13: =D13/E13 -> 61788.15 | I13: =WEEKNUM(A13) -> 18
... A505: 43983 | B505: Новосибирск | C505: 14238 | D505: 1293219 | E505: =VLOOKUP(A505,Лист2!$A$2:$E$505,3) -> 6 | F505: =VLOOKUP(A505,Лист2!$A$2:$E$505,4) -> 237 | G505: =VLOOKUP(A505,Лист2!$A$2:$E$505,5) -> 175 | H505: =D505/E505 -> 215536.5 | I505: =WEEKNUM(A505) -> 23

Sheet Лист2
A1: Дата | B1: Территория | C1: Количество складов | D1: Количество заказов | E1: Количество клиентов
A2: 43949 | B2: Волгоград | C2: 36 | D2: 4923 | E2: 4560
A3: 43949 | B3: Екатеринбург | C3: 31 | D3: 5465 | E3: 5096
A4: 43949 | B4: Казань | C4: 19 | D4: 1846 | E4: 1681
A5: 43949 | B5: Кемерово | C5: 18 | D5: 1539 | E5: 1404
A6: 43949 | B6: Краснодар | C6: 18 | D6: 1505 | E6: 1368
A7: 43949 | B7: Москва Восток | C7: 54 | D7: 12306 | E7: 11532
A8: 43949 | B8: Москва Запад | C8: 59 | D8: 12943 | E8: 12072
A9: 43949 | B9: Нижний Новгород | C9: 17 | D9: 1439 | E9: 1265
A10: 43949 | B10: Новосибирск | C10: 15 | D10: 636 | E10: 547
A11: 43949 | B11: Пермь | C11: 15 | D11: 780 | E11: 690
A12: 43949 | B12: Санкт-Петербург Север | C12: 125 | D12: 20914 | E12: 19479
A13: 43949 | B13: Санкт-Петербург Юг | C13: 128 | D13: 16450 | E13: 15320
... A505: 43983 | B505: Уфа | C505: 6 | D505: 237 | E505: 175

Sheet Решение
A3: Неделя | B3: 23
A5: Row Labels | B5: Sum of Товарооборот на склад
A6: Санкт-Петербург Север | B6: 12773003
A7: Санкт-Петербург Юг | B7: 9516309.8
A8: Москва Запад | B8: 6841781.5
A9: Grand Total | B9: 29131094
A11: Неделя | B11: 23
A13: Row Labels | B13: Sum of Товарооборот, руб
A14: Санкт-Петербург Север | B14: 76638018
A15: Санкт-Петербург Юг | B15: 57097858
A16: Москва Запад | B16: 41050689
A17: Grand Total | B17: 1.7478657e+08
A22: Row Labels | B22: Sum of Товарооборот, руб | C22: Sum of Товарооборот на склад
A23: 18 | B23: 694026564 | C23: 69402656
A24: 19 | B24: 9.7721863e+08 | C24: 97721863
A25: 20 | B25: 9.6687567e+08 | C25: 96687567
A26: 21 | B26: 9.9782766e+08 | C26: 99782766
A27: 22 | B27: 1.0442494e+09 | C27: 1.3766163e+08
A28: 23 | B28: 2.8216131e+08 | C28: 47026885
A29: Grand Total | B29: 4.9623592e+09 | C29: 5.4828337e+08
